<?xml version="1.0" encoding="UTF-8"?>
<beans xmlns="http://www.springframework.org/schema/beans"
       xmlns:mvc="http://www.springframework.org/schema/mvc"
       xmlns:xsi="http://www.w3.org/2001/XMLSchema-instance"
       xmlns:tx="http://www.springframework.org/schema/tx"
       xmlns:context="http://www.springframework.org/schema/context"
       xsi:schemaLocation="
        http://www.springframework.org/schema/beans
        http://www.springframework.org/schema/beans/spring-beans-4.0.xsd
        http://www.springframework.org/schema/mvc
        http://www.springframework.org/schema/mvc/spring-mvc-4.0.xsd
        http://www.springframework.org/schema/tx
        http://www.springframework.org/schema/tx/spring-tx-4.0.xsd
        http://www.springframework.org/schema/context
        http://www.springframework.org/schema/context/spring-context-4.0.xsd">

    <context:component-scan base-package="natv.ag0"/>
    <!--<mvc:resources mapping="/assets/**" location="/assets/" />-->

    <mvc:annotation-driven />

    <!--DataSource-->
    <bean id="myDataSource" class="org.apache.commons.dbcp.BasicDataSource" destroy-method="close">
        <property name="driverClassName" value="com.mysql.jdbc.Driver"/>
        <property name="url"
                  value="jdbc:mysql://localhost:3306/koubaiapp"/>
        <property name="username" value="root"/>
        <property name="password" value="NTV2015"/>
        <property name="maxActive" value="8"/>
        <property name="maxIdle" value="4"/>
        <property name="maxWait" value="900000"/>
        <property name="validationQuery" value="SELECT 1"/>
        <property name="testOnBorrow" value="true"/>
    </bean>
    <bean id="mySessionFactory" class="org.springframework.orm.hibernate4.LocalSessionFactoryBean">
        <property name="dataSource" ref="myDataSource"/>
        <property name="packagesToScan">
            <array>
                <value>natv.ag0.entities</value>
            </array>
        </property>
        <property name="hibernateProperties">
            <props>
                <prop key="hibernate.dialect">org.hibernate.dialect.PostgreSQL82Dialect</prop>
                <prop key="hibernate.show_sql">true</prop>
                <prop key="hibernate.cache.provider_class">org.hibernate.cache.internal.NoCachingRegionFactory</prop>
                <prop key="hibernate.search.default.directory_provider">
                    org.hibernate.search.store.impl.FSDirectoryProvider
                </prop>
                <prop key="hibernate.search.default.indexBase">
                    ./indexes
                </prop>
            </props>
        </property>
    </bean>

    <bean id="transactionManager"
          class="org.springframework.orm.hibernate4.HibernateTransactionManager">
        <property name="sessionFactory" ref="mySessionFactory"/>
    </bean>

    <bean class="org.springframework.web.servlet.view.InternalResourceViewResolver">
        <property name="prefix">
            <value>/</value>
        </property>
        <property name="suffix">
            <value>.jsp</value>
        </property>
    </bean>

    <tx:annotation-driven transaction-manager="transactionManager"/>


</beans>