<?xml version="1.0" encoding="UTF-8"?>
<hibernate-configuration>
    <session-factory>

        <!-- Connection settings -->
        <property name="hibernate.connection.driver_class">org.postgresql.Driver</property>
        <property name="hibernate.connection.url">jdbc:postgresql://localhost:5432/demofts?currentSchema=demofts?useUnicode=true&characterEncoding=UTF-8&characterSetResults=UTF-8</property>
        <property name="hibernate.connection.username">postgres</property>
        <property name="hibernate.connection.password">postgres</property>

        <!-- SQL dialect -->
        <property name="hibernate.dialect">org.hibernate.dialect.PostgreSQL82Dialect</property>

        <!-- Print executed SQL to stdout -->
        <property name="show_sql">true</property>

        <!-- Drop and re-create all database on startup -->
        <property name="hibernate.hbm2ddl.auto">create-drop</property>

        <!-- Annotated entities classes -->
        <mapping class="vn.va.entities.Book"/>

    </session-factory>
</hibernate-configuration>