<?xml version="1.0" encoding="UTF-8"?>
<beans xmlns="http://www.springframework.org/schema/beans"
       xmlns:mvc="http://www.springframework.org/schema/mvc"
       xmlns:xsi="http://www.w3.org/2001/XMLSchema-instance"
       xmlns:tx="http://www.springframework.org/schema/tx"
       xmlns:context="http://www.springframework.org/schema/context"
       xsi:schemaLocation="
        http://www.springframework.org/schema/beans
        http://www.springframework.org/schema/beans/spring-beans-3.0.xsd
        http://www.springframework.org/schema/mvc
        http://www.springframework.org/schema/mvc/spring-mvc-3.0.xsd
        http://www.springframework.org/schema/tx
        http://www.springframework.org/schema/tx/spring-tx-3.0.xsd
        http://www.springframework.org/schema/context
        http://www.springframework.org/schema/context/spring-context-3.0.xsd">

    <context:component-scan base-package="vn.va"/>
    <!--<mvc:resources mapping="/assets/**" location="/assets/" />-->

    <mvc:annotation-driven />

    <!--DataSource-->
    <bean id="myDataSource" class="org.apache.commons.dbcp.BasicDataSource" destroy-method="close">
        <property name="driverClassName" value="org.postgresql.Driver"/>
        <property name="url"
                  value="jdbc:postgresql://localhost:5432/demofts?currentSchema=demofts?useUnicode=true&amp;characterEncoding=UTF-8&amp;characterSetResults=UTF-8"/>
        <property name="username" value="postgres"/>
        <property name="password" value="postgres"/>
        <property name="maxActive" value="8"/>
        <property name="maxIdle" value="4"/>
        <property name="maxWait" value="900000"/>
        <property name="validationQuery" value="SELECT 1"/>
        <property name="testOnBorrow" value="true"/>
    </bean>
    <bean id="mySessionFactory" class="org.springframework.orm.hibernate4.LocalSessionFactoryBean">
        <property name="dataSource" ref="myDataSource"/>
        <property name="packagesToScan">
            <array>
                <value>vn.va.entities</value>
            </array>
        </property>
        <property name="hibernateProperties">
            <props>
                <prop key="hibernate.dialect">org.hibernate.dialect.PostgreSQL82Dialect</prop>
                <prop key="hibernate.cache.provider_class">org.hibernate.cache.internal.NoCachingRegionFactory</prop>
                <prop key="hibernate.search.default.directory_provider">
                    org.hibernate.search.store.impl.FSDirectoryProvider
                </prop>
                <prop key="hibernate.search.default.indexBase">
                    /home/framgia/Documents/My Data/DemoFTS/indexes
                </prop>
            </props>
        </property>
    </bean>

    <bean id="transactionManager"
          class="org.springframework.orm.hibernate4.HibernateTransactionManager">
        <property name="sessionFactory" ref="mySessionFactory"/>
    </bean>

    <bean class="org.springframework.web.servlet.view.InternalResourceViewResolver">
        <property name="prefix">
            <value>/</value>
        </property>
        <property name="suffix">
            <value>.jsp</value>
        </property>
    </bean>

    <tx:annotation-driven transaction-manager="transactionManager"/>


</beans>